firstName,lastLame,email,password,role,title,birthday,sex
Russell,Grant,rgrant@mydo.org,l8GV2ifT,employee,seniorLecturer,5/15/1992,Female
Jeffrey,Cooper,jcooper@lajo.mil,JXSVo8EeD,employee,engineer,3/11/1965,Female
Brandon,Ramos,bramos@skinix.name,WmEbg94P,employee,technician,10/5/2004,Female
Annie,Hughes,ahughes@gevee.biz,unakcKmKQ,employee,engineer,10/25/2012,Male
Gregory,Sims,gsims@trudeo.edu,wfCgOIqdg,employee,headOfLaboratory,6/6/2001,Female
Gloria,Little,glittle@tambee.edu,EATcxlRSAg,employee,seniorResearchFellow,1/14/1990,Female
Christine,Stevens,cstevens@bubbletube.biz,CPEnoa7kkdpC,employee,technician,9/7/1993,Female
iryna,Kushnir,iruha92zl@list.ru,111,student,student,05/15/1992,Femele
Joseph,Larson,jlarson@kare.edu,tjZUIXko2,employee,engineer,11/25/1998,Male
Donald,Matthews,dmatthews@jatri.mil,bzB4Bt,employee,engineer,10/29/1987,Male
Albert,Boyd,aboyd@rhybox.org,2plcSS68q,employee,seniorLecturer,7/10/1991,Female
Harry,Ramirez,hramirez@jatri.org,PWMAoryboN,employee,lecturer,12/6/1961,Male
Donald,Carroll,dcarroll@jabberstorm.edu,J2tLXFrs,employee,technician,5/28/1990,Female
Jane,Medina,jmedina@gigabox.edu,jJAuRJgly01t,employee,seniorResearchFellow,7/16/1994,Female
Ruby,Henry,rhenry@eayo.edu,FBEWcjHmmGJ,employee,technician,12/5/2001,Female
Marilyn,Garcia,mgarcia@bluejam.gov,aIzj3menqe,employee,assistant,9/8/2009,Female
Victor,Reynolds,vreynolds@jabbersphere.mil,kdEpQTW,employee,engineer,7/16/1986,Female
Bobby,Nelson,bnelson@realpoint.gov,pPFkpuK,employee,seniorLecturer,3/23/1970,Female
Jack,Woods,jwoods@einti.biz,Wr2bd6d9K,employee,assistant,12/24/1983,Female
Anne,Price,aprice@einti.biz,iagpQG3MQ,employee,lecturer,11/13/1993,Female
Martha,Owens,mowens@twimbo.name,XNxeLM5GSdO,employee,MOE,11/9/1997,Male
Matthew,Simmons,msimmons@centizu.mil,gpofVVh5,employee,engineer,10/26/1975,Female
Ruth,Martinez,rmartinez@kazio.org,eRwDySLJU,employee,seniorLecturer,4/12/2009,Male
Susan,Grant,sgrant@dazzlesphere.org,9Pf3LY7zTh,employee,assistant,2/15/1970,Female
Billy,Nguyen,bnguyen@realbuzz.net,UITOt0,employee,headOfLaboratory,5/26/1994,Male
Mildred,Brown,mbrown@ozu.mil,i4HAlMMr4Uby,employee,lecturer,2/5/1953,Female
Paul,Davis,pdavis@blogxs.com,D2EdaPymU,employee,professor,1/23/1989,Male
Alan,Gray,agray@quamba.mil,ImE7HbFcU,employee,seniorLecturer,4/8/2008,Male
Ronald,Hawkins,rhawkins@wikivu.name,E87DyVONdTSX,employee,professor,12/13/1998,Male
Roy,Lynch,rlynch@livetube.net,6oikNUcsNlL,employee,technician,10/19/1973,Female
Joyce,Jackson,jjackson@quatz.net,BxqRm33OTbFa,employee,seniorLecturer,9/14/1989,Male
Angela,Kim,akim@camimbo.edu,7O2fFa5IGP,employee,MOE,7/25/1959,Female
Tammy,Larson,tlarson@katz.info,d00G2FIN,employee,professor,2/6/1997,Female
Ruth,Ellis,rellis@thoughtsphere.net,Jl504qSaHGa1,employee,assistant,1/8/1957,Male
Ann,West,awest@centimia.gov,72Crez8QJ,employee,seniorResearchFellow,9/25/1994,Male
Charles,Riley,criley@flipopia.gov,TCHUCSJC4FUD,employee,technician,2/2/1970,Male
Ernest,Hanson,ehanson@kare.gov,ucd3fBfZQTS,employee,seniorResearchFellow,1/27/1985,Female
Irene,Hanson,ihanson@youtags.gov,fT0ou3yx,employee,engineer,6/1/1998,Male
Julie,Johnson,jjohnson@realblab.net,d78pQ2oKb,employee,engineer,7/16/2008,Female
Judy,Nelson,jnelson@gigashots.com,7jvc94B,employee,seniorLecturer,9/20/1997,Female
Denise,Fox,dfox@topdrive.mil,Uhp5KFZ5L,employee,seniorResearchFellow,5/19/1987,Male
Kenneth,Anderson,kanderson@babbleblab.gov,1uX4L862JhDF,employee,headOfLaboratory,4/5/2012,Female
Lawrence,Carter,lcarter@voolith.info,HFYJWxvGTd4s,employee,professor,12/13/1969,Female
James,Washington,jwashington@gabspot.com,qcR8AQ,employee,assistant,4/15/1997,Male
Victor,Fuller,vfuller@fliptune.edu,1FmI21,employee,seniorLecturer,1/1/1976,Female
Rose,Garza,rgarza@edgepulse.net,gsLg0LF0wH,employee,professor,6/27/1976,Female
Eric,Freeman,efreeman@jatri.org,6qQN9bdDBg,employee,headOfLaboratory,10/23/2009,Female
Catherine,Murray,cmurray@topicware.gov,lk1BBoDLup,employee,headOfLaboratory,5/6/1954,Male
Alan,Stone,astone@thoughtblab.biz,rI5xiz,employee,MOE,12/5/2008,Female
Amanda,Hunter,ahunter@quatz.edu,qoYtKA,employee,technician,6/16/2008,Female
Kimberly,Perez,kperez@blognation.net,aHEsyOdDLDYD,employee,seniorResearchFellow,8/3/1976,Male
Willie,Meyer,wmeyer@innojam.name,malzYp,employee,lecturer,4/26/1981,Male
Susan,Robertson,srobertson@voomm.org,8jjFKvQ,employee,engineer,8/18/2013,Male
Randy,Bell,rbell@rhycero.info,wYWn6AxqA,employee,engineer,1/14/1978,Female
Jessica,Lewis,jlewis@youspan.gov,VHVJYwLDJ8,employee,headOfLaboratory,1/10/1987,Female
Randy,Griffin,rgriffin@jabbersphere.mil,Fz63DmVY2F6o,employee,MOE,6/9/1955,Female
Nicholas,Kelly,nkelly@thoughtsphere.info,LvJatfxN7KMY,employee,MOE,6/15/1950,Male
James,Stone,jstone@kayveo.gov,lhyuwV5niUN,employee,seniorResearchFellow,12/30/1963,Female
Sara,Roberts,sroberts@fliptune.gov,Aldi1q,employee,seniorResearchFellow,6/14/1975,Female
Denise,Hamilton,dhamilton@avamba.net,0ZkN9WQHoip,employee,technician,1/20/1981,Male
Keith,Jackson,kjackson@realblab.edu,A1jzpZO,employee,technician,7/23/1965,Male
Brian,Anderson,banderson@lazz.info,h2YFtN,employee,professor,2/2/1975,Female
Gloria,Rice,grice@rhynyx.edu,CHqsGs,employee,seniorLecturer,2/12/2003,Male
Emily,Grant,egrant@gabvine.mil,rpQtu27t0O6,employee,seniorResearchFellow,4/18/2009,Female
Patricia,Young,pyoung@thoughtbeat.org,I2r6j4a,employee,assistant,7/15/1974,Male
Dennis,Rice,drice@dabshots.mil,PNxaSGyfm,employee,seniorResearchFellow,9/3/1990,Male
Maria,Brown,mbrown@quire.net,kio84mwD2URS,employee,seniorResearchFellow,1/20/1990,Female
Bobby,Sanders,bsanders@thoughtblab.edu,DbJ34UD,employee,MOE,2/25/1993,Female
Stephanie,Berry,sberry@kwimbee.net,PEVL9Ew9,employee,professor,3/18/1953,Female
Gloria,Ross,gross@skyvu.edu,5hAz7QQL,employee,headOfLaboratory,9/23/1984,Female
Debra,Carroll,dcarroll@oyondu.net,py9SzTXjsXPB,employee,engineer,1/8/2002,Female
Adam,Austin,aaustin@quinu.com,G09vRHfTSm,employee,MOE,8/18/1981,Female
Evelyn,Murphy,emurphy@flashspan.gov,TR6ykfgEyEP,employee,seniorResearchFellow,8/22/1976,Female
Diane,Miller,dmiller@riffwire.com,U2APeYZzlV,employee,technician,7/30/1996,Male
Lois,Kim,lkim@fliptune.name,KDACUz5metZ,employee,MOE,9/17/1974,Male
Pamela,King,pking@centidel.info,uXd3SrbOS0O1,employee,professor,10/15/1975,Male
Maria,Allen,mallen@realpoint.mil,HqaoRyAG,employee,MOE,1/24/1968,Male
Carolyn,Holmes,cholmes@kwimbee.gov,fNKcstghMgv,employee,assistant,6/20/1973,Female
Donald,Howell,dhowell@jamia.info,mkgMYVKZ,employee,MOE,10/12/1983,Female
Cheryl,Banks,cbanks@riffpath.gov,df9it02LDK,employee,MOE,7/23/1994,Female
Rachel,Rose,rrose@twitterbeat.edu,toYT0T0UI8,employee,seniorResearchFellow,10/22/1985,Male
Mark,Alexander,malexander@quatz.net,yS1I6Td1,employee,professor,9/8/1950,Female
Stephanie,Boyd,sboyd@demivee.net,M7XkDBP4nDtx,employee,seniorLecturer,10/21/1969,Male
Henry,Hall,hhall@eire.gov,eyBdc5,employee,professor,10/22/2008,Male
George,Morris,gmorris@oodoo.name,XWo9tTzy,employee,MOE,10/21/2009,Female
Brandon,Marshall,bmarshall@gigaclub.biz,JYaLj815l24H,employee,technician,12/17/1989,Male
Carlos,Fox,cfox@ooba.org,CzVqlDE,employee,seniorLecturer,7/24/1958,Female
George,Ramirez,gramirez@topicblab.name,bwWI5A0PjHSJ,employee,seniorResearchFellow,4/5/2002,Female
Norma,Mitchell,nmitchell@fiveclub.gov,Lmv3qA4rY,employee,seniorResearchFellow,3/10/1968,Female
Louis,Gibson,lgibson@quamba.biz,BKEktL,employee,seniorResearchFellow,8/26/1975,Male
Henry,Evans,hevans@flipopia.com,QXDaocMW,employee,lecturer,4/7/1973,Male
Jose,Moreno,jmoreno@npath.info,FWaxLavLvi,employee,seniorResearchFellow,4/12/1966,Male
Amy,Howard,ahoward@wikizz.info,Gp7VDlc1,employee,engineer,4/25/1978,Male
Norma,Watson,nwatson@devcast.info,XkYhRP,employee,assistant,12/13/2008,Female
Carolyn,Freeman,cfreeman@topiclounge.name,henAmWzfw,employee,professor,5/13/1993,Female
Ralph,Rodriguez,rrodriguez@tazzy.edu,l6UCOXlFN57S,employee,assistant,3/28/2013,Female
Carol,Carter,ccarter@buzzdog.info,MUWj7AJq,employee,professor,4/14/2009,Female
Lillian,Little,llittle@skivee.name,pj1MSpIsV,employee,professor,5/8/2000,Male
Carl,Payne,cpayne@skyba.info,SLucPZOj,employee,MOE,4/30/2012,Female
Fred,Young,fyoung@jayo.com,ZpvUtTG,employee,seniorLecturer,8/14/1991,Female
Fred,Greene,fgreene@riffpath.edu,EMJcaze9EXh,employee,headOfLaboratory,10/1/1984,Female
Linda,Fuller,lfuller@twitternation.org,IPA9c9skQhwI,student,none,2/8/2007,Male
Louis,Bryant,lbryant@brainsphere.gov,FnfTd1IhjgS,student,none,5/31/2012,Male
Christine,Payne,cpayne@skibox.gov,4isabl,student,none,12/16/1999,Male
Kimberly,Collins,kcollins@tagpad.info,icEqavXyy8,student,none,5/16/1991,Female
Laura,Burns,lburns@demivee.com,kJF7eyS,student,none,4/29/1989,Male
Robert,Torres,rtorres@vinder.info,Tm1XkcC,student,none,12/7/2011,Female
Beverly,Alexander,balexander@katz.org,vUyOREue3n,student,none,11/22/2001,Male
Ronald,Andrews,randrews@realbuzz.org,LLFGRcEi1T,student,none,11/3/2011,Female
Virginia,Mccoy,vmccoy@tazz.info,VzdBPs,student,none,10/6/2005,Female
Dennis,Dunn,ddunn@trudoo.info,Fslhf7rnqCco,student,none,9/26/2007,Female
Martha,Armstrong,marmstrong@tavu.name,BbBPeMvUhWyk,student,none,9/22/2007,Female
Anna,Lewis,alewis@mycat.gov,C22Fbsf,student,none,4/2/2011,Female
Gerald,Holmes,gholmes@dablist.mil,fixPu8ZTc7,student,none,3/6/2013,Female
Ronald,Howard,rhoward@jazzy.name,HKSc5vdUfpOJ,student,none,9/19/1999,Male
Shirley,Holmes,sholmes@wordware.org,TjgxF7,student,none,7/12/2001,Male
Andrea,Green,agreen@gabtune.mil,vyBvpbzuZa,student,none,3/15/2008,Male
Kathy,Sanders,ksanders@brightbean.net,rp6opYGhoQLs,student,none,4/10/1992,Male
Wayne,Chavez,wchavez@roodel.edu,j9P1TXJ,student,none,3/9/1993,Female
Kenneth,Harris,kharris@gigaclub.org,JVANSWT6rw,student,none,7/1/2005,Female
Peter,Ferguson,pferguson@innojam.info,L4VAtF2Pdj,student,none,11/9/1989,Female
Ann,Kim,akim@feedfish.org,H8XILK,student,none,4/7/2009,Female
Brian,Graham,bgraham@meevee.net,yp4qg9vJP,student,none,6/19/1986,Male
Diana,Edwards,dedwards@kwideo.gov,PeRn8HAMf,student,none,10/30/1993,Female
Lori,Torres,ltorres@camimbo.name,vHIcXjgODQP6,student,none,4/25/2001,Male
Gary,Murray,gmurray@realmix.name,hmjVPqt,student,none,5/14/2013,Female
Ernest,Howell,ehowell@riffwire.net,ZRbCIf2ifCi,student,none,11/4/1994,Male
Scott,Duncan,sduncan@twitterbridge.name,lyBnxBCYzZ,student,none,11/15/2005,Female
Earl,Gibson,egibson@eazzy.gov,SO2bOhVl,student,none,7/31/1993,Female
Sharon,Watson,swatson@livefish.biz,jmfRCqz6U,student,none,8/16/1989,Female
Theresa,Armstrong,tarmstrong@yabox.info,hafT9v,student,none,6/8/1995,Female
Johnny,Bowman,jbowman@youbridge.com,M1hWDCNi,student,none,1/26/1994,Female
Justin,Bryant,jbryant@livefish.name,RZ6b5Kv7H8,student,none,8/21/1985,Male
Roy,Jenkins,rjenkins@yodel.biz,8b41tM,student,none,10/28/1986,Male
Matthew,Henderson,mhenderson@riffpath.net,tVIVUP,student,none,11/26/2004,Male
Evelyn,Phillips,ephillips@edgeify.info,uo6IO5YPx,student,none,10/18/2008,Female
Ralph,Hart,rhart@quinu.org,KlvrKVwm,student,none,11/21/2013,Female
Judy,Tucker,jtucker@katz.com,yqe4ov5,student,none,2/5/1990,Male
Andrew,Harris,aharris@zooxo.net,3r6z2sw0,student,none,7/14/1992,Male
Amy,Hart,ahart@jabbertype.edu,sB0MjE,student,none,5/12/1999,Female
Ann,Baker,abaker@oyoloo.biz,aehIfvEIM,student,none,3/12/2014,Female
Paula,Washington,pwashington@brainverse.biz,BgQUA8G,student,none,1/24/2003,Female
Laura,Ryan,lryan@jabberstorm.gov,BdRZLhgaDRPV,student,none,3/8/1997,Female
Barbara,Murphy,bmurphy@bubblemix.biz,77tFuN2,student,none,2/12/1987,Female
Jesse,Reynolds,jreynolds@wikibox.info,SjRZ6Z,student,none,4/18/2000,Male
Carol,Clark,cclark@skimia.biz,IPbRBYV,student,none,2/26/1987,Male
Eugene,Grant,egrant@agimba.biz,FaV8Jxv,student,none,7/1/2013,Female
Steven,Lynch,slynch@riffpedia.org,qnadb2,student,none,3/21/2000,Male
Ralph,Vasquez,rvasquez@thoughtmix.biz,0WhB42gpH,student,none,10/8/2007,Female
Marilyn,Kelley,mkelley@camimbo.gov,SFzkXIlGO,student,none,11/21/2008,Female
Willie,Jacobs,wjacobs@feedfish.gov,zy4eW1q,student,none,1/14/2007,Female
Christine,Montgomery,cmontgomery@fliptune.com,1cHHmCD,student,none,9/18/1993,Female
Mildred,Andrews,mandrews@edgewire.gov,0e4gyUEgsjV1,student,none,11/12/1989,Male
Louise,Weaver,lweaver@photofeed.edu,5DlYVw,student,none,12/12/1988,Male
Carl,Spencer,cspencer@wikido.edu,uj1SXL9,student,none,7/16/1990,Male
Stephanie,Austin,saustin@wordify.net,qLuKIMWo,student,none,12/28/2012,Male
Patrick,Richards,prichards@thoughtsphere.info,ofOI5sKvt,student,none,6/24/2007,Male
Roger,Burton,rburton@nlounge.org,IvVh1mVd,student,none,9/30/1990,Female
Amanda,Young,ayoung@wikivu.edu,ubr50zpP7,student,none,1/5/2014,Female
Ralph,Cook,rcook@meezzy.mil,m6tdyEMK,student,none,12/19/1988,Female
Rose,Morris,rmorris@aimbu.net,W5xIqgjBdSY,student,none,9/13/2003,Male
Kimberly,Brooks,kbrooks@jumpxs.biz,SONbUS,student,none,6/3/2006,Male
Alan,Bryant,abryant@brainverse.com,1biYiL4Q,student,none,7/17/2011,Male
Scott,Duncan,sduncan@skinder.info,9PZdXDb6,student,none,3/6/2003,Male
Rebecca,Williams,rwilliams@zoomdog.info,wVT6Xd,student,none,5/1/1996,Female
Roy,Rose,rrose@yombu.org,tyz1BN0n9,student,none,3/10/1997,Female
Michael,Stewart,mstewart@tagcat.net,HS8WP66LC,student,none,12/23/1989,Male
Christina,Stephens,cstephens@riffwire.info,VddqMhxO,student,none,1/21/2005,Male
Ashley,Flores,aflores@mynte.biz,RCC50n1f2,student,none,4/9/2004,Male
Arthur,West,awest@tagtune.info,GxYBqgb5O6oV,student,none,4/2/1998,Female
Walter,Hicks,whicks@voolith.org,vJoGdxt,student,none,6/2/2012,Female
Carolyn,Stephens,cstephens@centidel.edu,UAiRwL,student,none,5/18/1994,Female
Larry,Wagner,lwagner@thoughtstorm.gov,7dmebB5,student,none,4/16/1996,Male
Jeremy,Payne,jpayne@leenti.mil,OPLHg9dnj8h,student,none,2/19/2004,Female
Roger,Burton,rburton@talane.org,tm4GcIAzM,student,none,7/25/2009,Female
Raymond,Bowman,rbowman@skippad.info,Op7Pkc8Fp,student,none,6/11/1986,Female
Paul,Payne,ppayne@skyble.info,arjVw5vg,student,none,10/8/1993,Female
Michelle,Frazier,mfrazier@gigabox.org,8rFpZf,student,none,8/31/2013,Female
Jose,Brown,jbrown@mynte.gov,44pZ0J,student,none,5/28/2005,Male
Jack,Kelly,jkelly@skyble.com,eyntReAWGb,student,none,6/14/2005,Female
Victor,Bryant,vbryant@yodoo.name,lNaOe7,student,none,1/21/2006,Male
Patricia,Sims,psims@rooxo.name,tV6yKVzLxyp,student,none,12/26/1988,Male
Louis,Grant,lgrant@flashspan.net,5i9OEjJr3JE,student,none,2/24/2004,Female
Matthew,Lee,mlee@jabberstorm.mil,6EbVlchAVDX9,student,none,3/15/1996,Male
Barbara,Lawson,blawson@quamba.gov,Vc5OEOqq3,student,none,9/7/2010,Male
Christine,Turner,cturner@gigaclub.com,g1j0kM,student,none,10/25/1988,Female
Jesse,Rodriguez,jrodriguez@gabcube.edu,iFelMjgXZFG,student,none,9/18/1992,Male
Lois,Diaz,ldiaz@feedfish.gov,YIfei4F,student,none,7/7/1989,Male
Andrew,Daniels,adaniels@eazzy.net,Wtw0CPhBqE,student,none,4/7/2008,Male
Johnny,Montgomery,jmontgomery@linktype.net,wqpOqfP5N1P,student,none,12/8/1989,Male
Christine,Banks,cbanks@skivee.org,Izg29BR,student,none,7/2/2000,Male
Karen,Reed,kreed@zoovu.name,q7iUud2,student,none,9/21/2001,Female
Nancy,Hernandez,nhernandez@youspan.com,W47XN1q9dggP,student,none,2/7/2008,Female
Carl,Gonzalez,cgonzalez@babblestorm.com,jBYEis2VykvJ,student,none,1/22/1992,Female
Raymond,Fox,rfox@gigaclub.mil,iso42sngzh,student,none,5/6/1991,Female
Annie,Hall,ahall@izio.edu,eCqDmG,student,none,7/22/2004,Male
Linda,Torres,ltorres@tambee.edu,YnD0oW,student,none,12/26/1989,Female
Diana,Rivera,drivera@fivespan.mil,yW6hH2gMC4U,student,none,5/30/2004,Male
Janice,Gray,jgray@eamia.info,nwDSGmtx,student,none,2/2/1995,Male
Kenneth,Sullivan,ksullivan@babbleset.edu,R9Ooa7A4rEkI,student,none,3/18/2005,Male
Douglas,Kelley,dkelley@topicware.net,9khzHrTFhk,student,none,12/23/1988,Female
